time,position,velocity,error,command
0.01,0.005958345903781997,0.5958345903781996,9.928921686022322,59.583459037819964
0.02,0.013497452437250639,0.7539106533468641,10.90523009586603,15.807606296866453
0.03,0.021797633947916933,0.8300181510666295,10.350952524500048,7.610749771976531
0.04,0.031283111037377936,0.9485477089461,10.594323163829513,11.852955787947053
0.05,0.04156724554078951,1.028413450341158,10.151043247989193,7.986574139505802
0.06,0.052467369103468484,1.0900123562678972,9.475616790851806,6.1598905926739285
0.07,0.06407749976809708,1.1610130664628595,9.067946823237161,7.100071019496234
0.08,0.07784023442388709,1.3762734655790005,11.13069488309742,21.526039911614106
0.09,0.09180596747150706,1.396573304761997,9.59870914923702,2.0299839182996564
0.1,0.10715106697756413,1.5345099506057072,10.280954322978085,13.793664584371014
0.11,0.12324617637090503,1.6095109393340896,9.798931193974514,7.500098872838246
0.12,0.1407208462868369,1.747466991593187,10.444755519396889,13.79560522590974
0.13,0.15898006158421774,1.8259215297380837,9.989585624408122,7.845453814489673
0.14,0.17808698009126792,1.9106918507050168,9.713921438711635,8.477032096693302
0.15,0.19893727256299204,2.085029247172411,10.97515668285844,17.433739646739426
0.16,0.22042090229171935,2.1483629728727296,10.174429135340295,6.3333725700318695
0.17,0.2431249034955606,2.2704001203841253,10.483799242719336,12.203714751139554
0.18,0.2664015191133254,2.327661561776479,9.660402496468425,5.726144139235359
0.19,0.2909000064586352,2.4498487345309794,10.054658287580516,12.218717275450036
0.2,0.31592044398897545,2.502043753034028,9.215133020479648,5.219501850304855
0.21,0.3420113779344087,2.609093394543326,9.428200981169555,10.704964150929806
0.22,0.36965952215018116,2.7648144215772463,10.415211505237309,15.572102703392034
0.23,0.3979822548571144,2.832273270693326,9.765056467251883,6.745884911607957
0.24,0.42746429041231565,2.948203555520125,10.029446289727732,11.593028482679909
0.25,0.45745801699332517,2.9993726581009494,9.168889956032023,5.116910258082447
0.26,0.48856589557656543,3.110787858324028,9.454285591057992,11.14152002230786
0.27,0.5208732067390959,3.2307311162530414,9.832610813542955,11.994325792901332
0.28,0.5539672997070273,3.309409296793138,9.458554116779018,7.86781805400968
0.29,0.5876086953935661,3.3641395686538793,8.746250683039307,5.473027186074136
0.3,0.6226743894812229,3.5065694087656833,9.612721838800791,14.242984011180399
0.31,0.6588582653000756,3.6183875818852758,9.822949527143976,11.181817311959229
0.32,0.6958645932709971,3.7006327970921484,9.503672690102952,8.224521520687267
0.33,0.7335744056703623,3.7709812399365106,9.037822816057584,7.034844284436234
0.34,0.7721935920041724,3.8619186333810145,8.991265220152108,9.09373934445037
0.35000000000000003,0.8119263363683316,3.9732744364159194,9.29122551248548,11.13558030349047
0.36,0.8525418995507922,4.0615563182460575,9.155101219147321,8.828188183013797
0.37,0.8942245360242856,4.168263647349347,9.347197229713096,10.67073291032896
0.38,0.9362176402816762,4.199310425739051,8.244893910972989,3.1046778389704137
0.39,0.9796769941784667,4.345935389679042,9.251069059684394,14.662496393999062
0.4,1.0240447416285892,4.43677474501226,9.158261829859374,9.083935533321778
0.41000000000000003,1.0692622830281258,4.521754139953651,8.981759505223884,8.497939494139166
0.42,1.115478840047754,4.621655701962818,9.081863375261356,9.990156200916706
0.43,1.162431539132404,4.695269908465012,8.725706390777905,7.361420650219415
0.44,1.2103382924433272,4.790675331092312,8.790630734004461,9.540542262730012
0.45,1.2595567908638612,4.921849842053389,9.439312606821737,13.117451096107711
0.46,1.309557266269148,5.000047540528681,9.09541805639698,7.8197698475291855
0.47000000000000003,1.3600907766581016,5.053351038895379,8.392537173037601,5.330349836669734
0.48,1.4116824178603349,5.159164120223323,8.68051606691442,10.581308132794454
0.49,1.4639563052287934,5.2273887368458585,8.292641959728318,6.822461662253479
0.5,1.5171292321355527,5.317292690675935,8.32934759926572,8.990395383007668
0.51,1.571059815706217,5.393058357066422,8.122943684273007,7.576566639048654
0.52,1.6258151775513352,5.475536184511815,8.061466194995026,8.247782744539322
0.53,1.6814207170231268,5.560553947179161,8.051225336739806,8.501776266734653
0.54,1.7383399296725384,5.691921264941168,8.813714920618025,13.136731776200683
0.55,1.795551741354578,5.721181168203968,7.746041658586652,2.9259903262799334
0.56,1.8539355256223868,5.838378426780866,8.320549770500412,11.71972585768986
0.5700000000000001,1.9128620477795957,5.8926522157208785,7.749290488065754,5.4273788940011825
0.58,1.9737468470735577,6.088479929396212,9.630868020288855,19.58277136753336
0.59,2.0345626415505516,6.08157944769938,7.81874291711916,-0.6900481696831928
0.6,2.09632158238836,6.1758940837808165,7.994224923295006,9.431463608143655
0.61,2.1587227657609445,6.240118337258446,7.637680604943928,6.4224253477629025
0.62,2.2220412024395486,6.331843667860416,7.797612023053199,9.172533060196969
0.63,2.2864978913806917,6.445668894114292,8.297836826204998,11.382522625387612
0.64,2.3511869710158626,6.468907963517071,7.203720927825232,2.3239069402778494
0.65,2.417048429491966,6.58614584761033,7.857295041509843,11.723788409325854
0.66,2.483728887296536,6.668045780456988,7.8116723367475664,8.189993284665885
0.67,2.5515593869824404,6.783049968590432,8.324003670280378,11.50041881334442
0.68,2.6203846354064257,6.882524842398514,8.490709424564255,9.947487380808186
0.6900000000000001,2.6895669860032476,6.918235059682202,7.565625673448691,3.571021728368871
0.7000000000000001,2.759653726008627,7.008674000537953,7.705583676440673,9.043894085575019
0.71,2.8308113973300966,7.11576713214696,8.098435452246232,10.70931316090071
0.72,2.902620947589542,7.180955025944572,7.726103617957943,6.518789379761138
0.73,2.974826648018818,7.220570042927569,6.988447734518381,3.961501698299732
0.74,3.0476367735425183,7.28101255237002,6.719739416073631,6.044250944245115
0.75,3.12168267695299,7.404590341047169,7.546812669169762,12.35777886771482
0.76,3.1962308960517456,7.454821909875563,7.012434643496719,5.023156882839401
0.77,3.2715237998825066,7.529290383076109,6.969906377242176,7.446847320054604
0.78,3.3474113253961377,7.588752551363102,6.683247198937685,5.946216828699307
0.79,3.424003647574154,7.659232217801646,6.626885038703347,7.047966643854441
0.8,3.501188288653907,7.718464107975295,6.391388402692693,5.923189017364897
0.81,3.5787050080938956,7.7516719439988675,5.760446895699922,3.3207836023572455
0.8200000000000001,3.6574053240748476,7.870031598095222,6.652750482671866,11.835965409635435
0.8300000000000001,3.7373259110264456,7.992058695159787,7.456218151593383,12.202709706456407
0.84,3.8173353890229653,8.000947799651952,6.239101482574223,0.8889104492164384
0.85,3.8977467631822234,8.041137415925807,5.745555195553837,4.018961627385473
0.86,3.9788275941940143,8.108083101179119,5.7792378997111955,6.6945685253312694
0.87,4.060632328470218,8.180473427620408,5.8970679949761,7.2390326441288755
0.88,4.143333988358049,8.270165988783111,6.282583222516682,8.969256116270369
0.89,4.2263281895850415,8.299420122699253,5.595606190326098,2.925413391614276
0.9,4.309780452117389,8.345226253234742,5.298108922335976,4.580613053548799
0.91,4.39386420442225,8.408375230486044,5.3383522522324105,6.314897725130252
0.92,4.478465356713869,8.460115229161955,5.1808752383498575,5.173999867591109
0.93,4.563525735596565,8.506037888269661,4.951863423407081,4.5922659107706245
0.9400000000000001,4.648848184412959,8.532244881639388,4.431687200788315,2.620699336972696
0.9500000000000001,4.734749851048684,8.590166663572468,4.526032485914257,5.792178193308095
0.96,4.821624304845248,8.687445379656335,5.259725838392589,9.727871608386767
0.97,4.908811831522856,8.718752667760805,4.7708180294630065,3.130728810447078
0.98,4.99712693338218,8.83151018593243,5.719945365579995,11.275751817162499
0.99,5.085228397407458,8.810146402527772,4.274817316520025,-2.1363783404657415
1.0,5.17401994407173,8.8791546664272,4.575982067026942,6.900826389942637
1.01,5.263164657372814,8.914471330108416,4.264715236273166,3.5316663681216696
1.02,5.353303109442528,9.013845206971467,5.072101080162252,9.937387686305225
1.03,5.443399765889445,9.009665644691614,4.018362237315167,-0.417956227985397
1.04,5.53441683194381,9.101706605436549,4.7431313967896225,9.204096074493549
1.05,5.626157501127613,9.174066918380289,5.018258523244546,7.236031294374056
1.06,5.718341147148707,9.218364602109343,4.779024137689253,4.42976837290537
1.07,5.81119247550157,9.28513283528625,4.953345749565786,6.676823317690602
1.08,5.904371284869388,9.317880936781846,4.530856422037385,3.2748101495595643
1.09,5.997274791612256,9.290350674286778,3.173613646978165,-2.753026249506769
1.1,6.090820528752996,9.354573714073986,3.5712045050492423,6.422303978720843
1.11,6.18562537276098,9.480484400798398,4.929836029723574,12.591068672441168
1.12,6.280098693898402,9.447332113742176,3.4104110021079546,-3.3152287056220953
1.1300000000000001,6.375148343973806,9.504965007540427,3.656700376606695,5.76328937982505
1.1400000000000001,6.470376508289051,9.522816431524467,3.1983839611252662,1.7851423984038997
1.1500000000000001,6.566287102150509,9.59105938614582,3.6557031749834854,6.824295462135342
1.16,6.662750843632746,9.64637414822365,3.8206958614963478,5.531476207782917
1.17,6.759295058795754,9.654421516300783,3.169871554986285,0.8047368077132142
1.18,6.856753378182999,9.745831938724534,4.016232833199347,9.141042242375102
1.19,6.954378647427516,9.762526924451747,3.4756973372117397,1.6694985727213565
1.2,7.051924241775783,9.75455943482666,2.6137742056494755,-0.7967489625085413
1.21,7.149740680606644,9.781643883086169,2.479290678977647,2.708444825950788
1.22,7.248486234820009,9.87455542133652,3.4637619462741407,9.291153825035163
1.23,7.347587291787335,9.910105696732515,3.327579024944437,3.5550275395994175
1.24,7.447076723572801,9.948943178546584,3.2683353082528797,3.8837481814068475
1.25,7.546895330439314,9.981860686651348,3.119779352629412,3.291750810476458
1.26,7.646510021688842,9.961469124952727,2.1071470350475634,-2.0391561698622502
1.27,7.746883891766519,10.037387007767649,2.8679661845909905,7.591788281492147
1.28,7.847329843296323,10.04459515298042,2.356427111322808,0.720814521277239
1.29,7.947631065238461,10.030122194213842,1.5685313953775797,-1.44729587665784
1.3,8.048358975770544,10.072791053208329,1.8640045940086587,4.266885899448784
1.31,8.14931666776854,10.095769199799683,1.7817567600223256,2.297814659135413
1.32,8.250794735636735,10.14780678681954,2.1971747097238197,5.203758701985766
1.33,8.352024701965222,10.122996632848698,1.262350259586798,-2.4810153970842475
1.34,8.454073289331227,10.204858736600476,2.2608240425092,8.186210375177785
1.35,8.556104820056158,10.203153072493096,1.6998060962758714,-0.17056641073792367
1.36,8.658517001698282,10.241218164212503,1.8948212679831968,3.8065091719406556
1.37,8.76035255993258,10.183555823429657,0.46179973607907776,-5.766234078284606
1.3800000000000001,8.86260554582827,10.225298589568961,0.924212872716021,4.174276613930364
1.3900000000000001,8.96518828347545,10.25827376471807,1.163236763949568,3.2975175149108793
1.4000000000000001,9.068459300943736,10.32710174682853,1.9596435154141698,6.88279821104617
1.41,9.17134496155083,10.288566060709307,0.8337823740775914,-3.8535686119222325
1.42,9.274389984130456,10.304502257962723,0.8032955965749728,1.5936197253415236
1.43,9.377617558864108,10.322757473365076,0.8164041837744698,1.8255215402353722
1.44,9.481028745693347,10.34111868292402,0.8289564163144796,1.8361209558942608
1.45,9.584164416875476,10.313567118212875,0.07419134037296793,-2.755156471114485
1.46,9.687815471580926,10.365105470545044,0.7632585180572828,5.15383523321702
1.47,9.791426685457463,10.361121387653698,0.4120385726401601,-0.398408289134651
1.48,9.895076601651553,10.36499161940907,0.2502188257668827,0.38702317553706544
1.49,9.999010035535589,10.39334338840359,0.5233074394517345,2.835176899452015
1.5,10.102564115385999,10.35540798504103,-0.3538459474376445,-3.793540336255956
1.51,10.206863510448692,10.429939506269262,0.789510054991899,7.453152122823192
1.52,10.310802842684593,10.393933223590148,-0.09997334588161877,-3.6006282679115134
1.53,10.414925054527036,10.412221184244267,0.0636839282896311,1.828796065411864
1.54,10.519052688624026,10.412763409698956,-0.09568131633877286,0.05422254546885219
1.55,10.62286547068965,10.381278206562396,-0.7621491385268371,-3.1485203136560402
1.56,10.72715921269581,10.429374200616055,0.008812827348883445,4.809599405365953
1.57,10.831445151758976,10.42859390631652,-0.16329645756500533,-0.07802942995354734
1.58,10.935533831752462,10.408867999348697,-0.6223773432408262,-1.9725906967822693
1.59,11.039377312842337,10.3843481089875,-1.084663693911292,-2.451989036119871
1.6,11.14315634189966,10.37790290573223,-1.168462790572761,-0.644520325526929
1.61,11.247465464962833,10.430912306317191,-0.24734408310627742,5.300940058496211
1.62,11.35123398097871,10.376851601587786,-1.2640362427498726,-5.406070472940527
1.6300000000000001,11.455610739873434,10.437675889472317,-0.19649708270681643,6.082428788453079
1.6400000000000001,11.55935556224505,10.374482237161638,-1.3736178496161404,-6.319365231067763
1.6500000000000001,11.662980229743566,10.36246674985144,-1.5013321833353857,-1.2015487310199493
1.6600000000000001,11.766284110793517,10.330388104995187,-1.9418231166828654,-3.2078644856252847
1.67,11.869508572688462,10.322446189494446,-1.90630235482144,-0.7941915500741542
1.68,11.97285451455338,10.334594186491712,-1.5416129094852238,1.2147996997265302
1.69,12.07601715978989,10.316264523651103,-1.74537513981298,-1.832966284060901
1.7,12.179060568912412,10.304340912252234,-1.8081081230366003,-1.192361139886878
1.71,12.281745735431253,10.26851665188413,-2.2583533663158146,-3.5824260368103786
1.72,12.384103103844788,10.23573684135364,-2.5823865073370413,-3.2779810530490043
1.73,12.486372756975024,10.22696531302352,-2.4518674436079735,-0.8771528330120715
1.74,12.588713874491166,10.234111751614213,-2.0774558658425555,0.7146438590692548
1.75,12.690431581536018,10.171770704485127,-2.9230837990678378,-6.2341047129085965
1.76,12.792089774562381,10.165819302636388,-2.687498405682174,-0.5951401848738835
1.77,12.893525758068424,10.143598350604389,-2.761876101564864,-2.22209520319991
1.78,12.994745057754805,10.121929968638044,-2.8141789838755695,-2.166838196634567
1.79,13.095983605186428,10.123854743162156,-2.4641347551676827,0.1924774524111137
1.8,13.196495245918031,10.051164073160326,-3.415452731221574,-7.269067000182891
1.81,13.297174372949808,10.067912703177686,-2.7171098593034433,1.674863001736048
1.82,13.397311145437415,10.01367724876068,-3.3176725945120253,-5.423545441700611
1.83,13.497451974764902,10.014082932748577,-2.9069714052032616,0.040568398789678994
1.84,13.597224272858053,9.977229809315084,-3.1851696761897763,-3.685312343349418
1.85,13.69626891428937,9.904464143131577,-4.01487480204508,-7.276566618350712
1.86,13.795297028811785,9.902811452241568,-3.5204927365767436,-0.16526908900075155
1.87,13.894382847479138,9.908581866735304,-2.984291876977924,0.5770414493735068
1.8800000000000001,13.992470163705462,9.808731622632534,-4.297085956261283,-9.985024410277006
1.8900000000000001,14.090457337108122,9.798717340265837,-3.8931661323741356,-1.0014282366697032
1.9000000000000001,14.188624207545525,9.816687043740286,-3.0896515731868863,1.7969703474448697
1.9100000000000001,14.286485144715284,9.786093716975925,-3.22890179421198,-3.0593326764361515
1.92,14.383263252108662,9.6778107393378,-4.638997993296725,-10.828297763812445
1.93,14.479793704647966,9.653045253930367,-4.421383058179474,-2.4765485407434
1.94,14.575776718283105,9.598301363514015,-4.738887547805767,-5.474389041635215
1.95,14.671464478003083,9.568775971997747,-4.582402573730651,-2.9525391516267834
1.96,14.766677525829131,9.52130478260475,-4.750303342723077,-4.747118939299648
1.97,14.861192109071052,9.45145832419202,-5.2622647564195795,-6.984645841272949
1.98,14.955663920618452,9.44718115473997,-4.595311899838693,-0.4277169452049572
1.99,15.049836571434465,9.417265081601252,-4.466088566038106,-2.9916073138719064
2.0,15.142761365533355,9.292479409888946,-5.93857266865262,-12.478567171230576
2.0100000000000002,15.235872875643176,9.311151010982071,-4.773892558647766,1.8671601093124681
2.02,15.32832421685139,9.245134120821502,-5.213931665927619,-6.601689016056847
2.0300000000000002,15.420347870480859,9.202365362946894,-5.192296667783513,-4.2768757874607255
2.04,15.511899902866048,9.155203238518903,-5.246615842579404,-4.7162124427991845
2.05,15.602910639564717,9.101073669866981,-5.407104707856826,-5.412956865192118
2.06,15.693203134767188,9.029249520247124,-5.834782647945609,-7.182414961985651
2.07,15.782841643434287,8.963850866709821,-6.083075484063031,-6.539865353730329
2.08,15.87245932723687,8.96176838025822,-5.233844421995489,-0.20824864515996566
2.09,15.961064103239861,8.860477600299154,-6.1785936631198055,-10.129077995906695
2.1,16.048929188291005,8.786508505114474,-6.509438378087257,-7.396909518467907
2.11,16.136373544353837,8.744435606283155,-6.25249695184549,-4.207289883131896
2.12,16.223499828324833,8.712628397099731,-5.866306551420507,-3.180720918342251
2.13,16.310229220602267,8.672939227743308,-5.674901403715738,-3.9689169356422687
2.14,16.39603979611365,8.581057551138443,-6.384208200069143,-9.18816766048661
2.15,16.481051993578916,8.50121974652642,-6.77343709096775,-7.983780461202199
2.16,16.565254277309233,8.420228373031728,-7.115834675648493,-8.099137349469268
2.17,16.648769906129516,8.351562882028231,-7.19453553210715,-6.8665491003496
2.18,16.73256382932567,8.379392319615533,-5.650928947818096,2.782943758730184
2.19,16.815454026098443,8.2890196772773,-6.333569198136448,-9.037264233823329
2.2,16.897525255224885,8.207122912644047,-6.760044770856915,-8.189676463325227
2.21,16.9792752186363,8.174996341141545,-6.284890380881333,-3.2126571502502816
2.22,17.059909847644366,8.063462900806686,-7.211174340717523,-11.153344033486054
2.23,17.13989809202038,7.998824437601467,-7.200294639313764,-6.46384632052186
2.24,17.21929396829014,7.9395876269758325,-7.100017342260518,-5.923681062563439
2.25,17.297568996625568,7.827502833542995,-7.895936652060858,-11.20847934328377
2.2600000000000002,17.375489566520965,7.792056989539626,-7.280673474157638,-3.544584400336909
2.27,17.452630112019687,7.71405454987224,-7.4759847561792085,-7.800243966738612
2.2800000000000002,17.529293439362352,7.666332734266494,-7.1328782771236625,-4.772181560574606
2.29,17.605058786361862,7.576534699951124,-7.546968694955289,-8.979803431537054
2.3000000000000003,17.68010590243588,7.50471160740174,-7.591196480968385,-7.1823092549384615
2.31,17.754050833780827,7.394493134494547,-8.26659820890795,-11.021847290719283
2.32,17.82812533263144,7.407449885061211,-6.775383360399907,1.295675056666406
2.33,17.90073130821384,7.260597558239866,-8.194823139253483,-14.685232682134522
2.34,17.973071646273116,7.234033805927883,-7.371651437902443,-2.6563752311983055
2.35,18.044579829852815,7.150818357969714,-7.628598514460595,-8.321544795816877
2.36,18.114901396172836,7.032156632002317,-8.432087030574444,-11.86617259673978
2.37,18.18453510905494,6.963371288210617,-8.26900958947611,-6.87853437917001
2.38,18.25359040723812,6.9055298183181035,-7.949388925420138,-5.784146989251273
2.39,18.321613074371967,6.8022667133846735,-8.438659179525523,-10.326310493342966
2.4,18.389457584620782,6.784451024881533,-7.421023946784057,-1.7815688503140317
2.41,18.455731333157367,6.627374853658425,-8.892520544741508,-15.707617122310806
2.42,18.521638681927655,6.590734877028678,-8.11014610879856,-3.6639976629746602
2.43,18.58659428699014,6.495560506248607,-8.43233525880838,-9.517437078007127
2.44,18.651175785716816,6.4581498726676285,-7.736807795865701,-3.7410633580978265
2.45,18.71457315345002,6.339736773320053,-8.505825035350863,-11.841309934757541
2.46,18.777192103993443,6.261895054342445,-8.46907155016401,-7.784171897760774
2.47,18.838783319927387,6.159121593394417,-8.852497262471566,-10.277346094802848
2.48,18.899176900079567,6.039358015218051,-9.453611707915499,-11.976357817636583
2.49,18.958600306089494,5.942340600992843,-9.573842039592883,-9.701741422520811
2.5,19.017061654402227,5.84613483127325,-9.658896758104095,-9.620576971959274
2.5100000000000002,19.07539174097103,5.8330086568802235,-8.343725147229474,-1.312617439302711
2.52,19.1321808136149,5.67890726438743,-9.595736483749434,-15.410139249279327
2.5300000000000002,19.18835131201047,5.617049839557,-9.100163109291799,-6.185742483043009
2.54,19.24369999666587,5.534868465539973,-9.024413714734585,-8.218137401702638
2.5500000000000003,19.29826107911107,5.456108244519998,-8.90278620495189,-7.87602210199749
2.56,19.351833577794725,5.357249868365419,-9.13487671958979,-9.885837615457952
2.57,19.403801952222707,5.196837442798377,-10.352460895179881,-16.041242556704177
2.58,19.454751412333238,5.094946011053195,-10.39003280567302,-10.189143174518227
2.59,19.50485306490083,5.010165256759092,-10.134475694283598,-8.478075429410287
2.6,19.554186470989183,4.933340608835518,-9.787278448875451,-7.682464792357392
2.61,19.603062576247794,4.887610525861163,-8.978208293832711,-4.5730082974355195
2.62,19.651050425297324,4.798784904952906,-9.020738673749833,-8.882562090825694
2.63,19.697470932452156,4.642050715483262,-10.186292417634277,-15.673418946964391
2.64,19.742998296094132,4.552736364197848,-10.032251192602054,-8.93143512854143
2.65,19.787124849991912,4.412655389777829,-10.7482025235647,-14.008097442001988
2.66,19.831073584540867,4.394873454895686,-9.30496048032223,-1.7781934882142565
2.67,19.873888074623128,4.281449008226083,-9.694684859934515,-11.342444666960258
2.68,19.915623219373103,4.173514474997414,-9.926302235223336,-10.793453322866975
2.69,19.95671648709036,4.109326771725995,-9.38863810899166,-6.418770327141813
2.7,19.996230498037907,3.951401094754621,-10.501134043124011,-15.79256769713742
2.71,20.03496602952663,3.8735531488723236,-10.091903152890882,-7.784794588229781
2.72,20.07342861095683,3.8462581430202816,-8.906843936536255,-2.729500585204198
2.73,20.10970996498164,3.6281354024808055,-11.097907183167443,-21.812274053947633
2.74,20.145640798409115,3.5930833427476543,-9.87097004691353,-3.50520597331513
2.75,20.18035025962411,3.4709461214993826,-10.298225421050432,-12.213722124827152
2.7600000000000002,20.214609991248224,3.425973162411545,-9.36663942358669,-4.49729590878378
2.77,20.24789759288329,3.3287601635067965,-9.459408521228546,-9.721299890474853
2.7800000000000002,20.279526666008074,3.1629073124784033,-10.678933815688225,-16.585285102839336
2.79,20.310443799499176,3.0917133491101603,-10.115870788270737,-7.1193963368242805
2.8000000000000003,20.34018367737259,2.97398778734159,-10.42044149851187,-11.772556176857035
2.81,20.369015734376536,2.8832057003944223,-10.223488595256896,-9.078208694716778
2.82,20.396269263609618,2.7253529233082325,-11.175343454285738,-15.785277708618988
2.83,20.42285064438945,2.6581380779831947,-10.456180943966576,-6.721484532503773
2.84,20.448411927225997,2.5561282836549735,-10.435055492838195,-10.200979432822137
2.85,20.472362690035805,2.3950762809806876,-11.399587824694837,-16.105200267428586
2.86,20.49577892564953,2.3416235613727663,-10.408308665358401,-5.34527196079212
2.87,20.51819587405621,2.241694840667837,-10.355116864717385,-9.992872070492918
2.88,20.53959841937085,2.1402545314640875,-10.334261128975381,-10.144030920374956
2.89,20.559644399779593,2.0045980408743866,-10.88533681615354,-13.565649058970079
2.9,20.579041904647585,1.9397504867991928,-10.162723826255846,-6.4847554075193745
2.91,20.597541819747498,1.8499915099913973,-9.97407436782316,-8.975897680779557
2.92,20.61438428891623,1.6842469168734253,-11.081446516546105,-16.5744593117972
2.93,20.630163222148653,1.5778933232423302,-11.012571220497193,-10.635359363109501
2.94,20.64521267691633,1.504945476767725,-10.396679907863625,-7.294784647460514
2.95,20.65912788024481,1.3915203328479087,-10.556299388191139,-11.34251439198163
2.96,20.672007504941377,1.287962469656689,-10.523107091805489,-10.355786319121966
2.97,20.68401625362007,1.2008748678692849,-10.219239281540265,-8.708760178740413
2.98,20.69481348127697,1.0797227656902144,-10.532002445772722,-12.115210217907048
2.99,20.70463776451023,0.9824283233261808,-10.393278539292606,-9.729444236403356
3.0,20.71353114878497,0.8893384274738846,-10.205898525609285,-9.308989585229625
3.0100000000000002,20.721300696704404,0.7769547919433252,-10.369582578414501,-11.238363553055938
3.02,20.727702723867793,0.6402027163387725,-10.910308238945579,-13.675207560455267
3.0300000000000002,20.733127836142053,0.54251122742601,-10.708118491443066,-9.769148891276252
3.04,20.737180281408598,0.4052445266543849,-11.197347674892868,-13.726670077162511
3.0500000000000003,20.74121687428301,0.40365928744103596,-9.342123947805131,-0.15852392133489346
3.06,20.742868207550362,0.1651333267354482,-11.743159006934842,-23.852596070558775
3.0700000000000003,20.74413401806092,0.12658105105579331,-10.4093919071262,-3.855227567965489
3.08,20.74419461666901,0.006059860809075543,-10.66229085159478,-12.052119024671777
3.09,20.743215766635906,-0.09788500331047768,-10.595002036193154,-10.394486411955322
3.1,20.74101214648274,-0.22036201531686112,-10.845989489890655,-12.247701200638344
3.11,20.737943797715204,-0.30683487675346943,-10.453334302758527,-8.647286143660828
3.12,20.73404316146435,-0.3900636250854858,-10.070374699288674,-8.322874833201638
3.13,20.72832346373364,-0.5719697730706855,-11.393966029611917,-18.190614798519974
3.14,20.72181243234759,-0.6511031386050392,-10.782282050358791,-7.913336553435363
3.15,20.714411299601263,-0.7401132746327425,-10.435419006036007,-8.901013602770321
3.16,20.706604955033672,-0.7806344567589623,-9.336661127221092,-4.052118212621975
3.17,20.69670747841652,-0.989747661715066,-11.229025104522641,-20.91132049561037
3.18,20.68559075695544,-1.1116721461081471,-11.350957916570795,-12.192448439308118
3.19,20.673858411111045,-1.1732345844394039,-10.444793693298301,-6.15624383312568
3.2,20.660848684215665,-1.300972689537925,-10.79078615566635,-12.773810509852108
3.21,20.64693818834927,-1.3910495866394292,-10.449684793557182,-9.007689710150418
3.22,20.631340585062524,-1.5597603286748134,-11.474085393132022,-16.871074203538427
3.23,20.614971113588584,-1.6369471473941741,-10.800553745219794,-7.718681871936081
3.24,20.59732099335465,-1.7650120233935516,-11.085397427055373,-12.806487599937746
3.25,20.579000909270206,-1.8320084084444495,-10.303241772481616,-6.699638505089796
3.2600000000000002,20.559539805718494,-1.9461103551713113,-10.434798955110367,-11.41019467268619
3.27,20.539214494587306,-2.0325311131187696,-10.081396561550676,-8.642075794745846
3.2800000000000002,20.517392441072648,-2.1822053514656554,-10.839312688126704,-14.967423834688592
3.29,20.49520436505605,-2.218807601659583,-9.584778861247216,-3.660225019392774
3.3000000000000003,20.47148291560089,-2.3721449455159216,-10.483171704603723,-15.333734385633862
3.31,20.44716534965984,-2.4317565941050714,-9.668126131925675,-5.961164858914959
3.3200000000000003,20.421493811098408,-2.567153856143383,-10.250306661069821,-13.53972620383115
3.33,20.394176436271547,-2.731737482686074,-11.220026506011934,-16.458362654269102
3.34,20.36613654465849,-2.8039891613054686,-10.487512659298869,-7.22516786193945
3.35,20.337107083986975,-2.902946067151671,-10.32045149890163,-9.895690584620244
3.36,20.306866699365578,-3.0240384621397647,-10.548400617499205,-12.109239498809387
3.37,20.275454844455194,-3.1411854910383883,-10.670823644231977,-11.714702889862377
3.38,20.242922992031637,-3.253185242355616,-10.685273994486938,-11.19997513172277
3.39,20.20925259221282,-3.3670399818815877,-10.726444682398078,-11.385473952597206
3.4,20.17441040662405,-3.4842185588768824,-10.81434848873128,-11.717857699529446
3.41,20.139273159614234,-3.5137247009818675,-9.424823608569032,-2.9506142104985145
3.42,20.102456567363145,-3.681659225109033,-10.572263864826024,-16.793452412716533
3.43,20.064691665402275,-3.7764901960870505,-10.308353466976559,-9.483097097801764
3.44,20.025762455643886,-3.8929209758389836,-10.446683834361536,-11.643077975193313
3.45,19.98598576939035,-3.9776686253536333,-10.032234930739172,-8.474764951464977
3.46,19.94502208473838,-4.09636846519702,-10.251022179502893,-11.869983984338631
3.47,19.902681990763423,-4.234009397495691,-10.74723855463498,-13.764093229867175
3.48,19.859191563331052,-4.349042743237167,-10.78216206428107,-11.503334574147576
3.49,19.81463660842714,-4.455495490391068,-10.666477266315525,-10.645274715390158
3.5,19.76976308853475,-4.4873519892391265,-9.325248254871035,-3.1856498848058195
3.5100000000000002,19.723570034715276,-4.619305381947193,-9.874193277454516,-13.195339270806613
3.52,19.67632484478427,-4.724518993100883,-9.884337047526568,-10.521361115369041
3.5300000000000002,19.628046028958163,-4.827881582610377,-9.860296445775706,-10.336258950949388
3.54,19.579069339172083,-4.897668978608156,-9.27912953086625,-6.978739599777825
3.5500000000000003,19.528868360735466,-5.020097843661814,-9.670569824402303,-12.24288650536583
3.56,19.47756531381585,-5.13030469196141,-9.791437883467388,-11.02068482995954
3.5700000000000003,19.424983492117068,-5.2581821698782685,-10.18497426393203,-12.7877477916859
3.58,19.371800105843946,-5.318338627312375,-9.38267379397437,-6.015645743410698
3.59,19.317773900256046,-5.402620558789828,-9.114662192699978,-8.428193147745354
3.6,19.262537941645043,-5.523595861100508,-9.501291823554489,-12.097530231067932
3.61,19.206275215204972,-5.626272644006978,-9.516921705578827,-10.267678290646987
3.62,19.148875455233398,-5.739975997157352,-9.712104093981853,-11.370335315037433
3.63,19.090838681169906,-5.803677406349023,-9.039883704388604,-6.370140919167193
3.64,19.032166990618713,-5.8671690551193905,-8.474791574110139,-6.34916487703676
3.65,18.97148773982973,-6.067925078898181,-10.289906064674355,-20.075602377879058
3.66,18.909885495342643,-6.160224448708567,-9.993225036498373,-9.229936981038584
3.67,18.847328896468817,-6.255659887382478,-9.796625889762197,-9.543543867391199
3.68,18.78444337114126,-6.288552532755484,-8.588981882153252,-3.2892645373005642
3.69,18.72089445370972,-6.354891743153911,-8.138698176540064,-6.633921039842699
3.7,18.656210145218445,-6.468430849127771,-8.548701897803333,-11.353910597386058
3.71,18.590333701417656,-6.587644380078763,-8.983448173779284,-11.921353095099192
3.72,18.524079055675287,-6.625464574237013,-7.987849815577608,-3.7820194158249656
3.73,18.456316056983255,-6.7762998692033865,-9.04026282007494,-15.083529496637409
3.74,18.387823250031282,-6.849280695197193,-8.618262797147079,-7.298082599380731
3.75,18.318502083697094,-6.932116633418818,-8.429443074658362,-8.283593822162395
3.7600000000000002,18.248098139035527,-7.040394466156778,-8.694675768561943,-10.827783273796026
3.77,18.176257437392536,-7.184070164298994,-9.504083422982024,-14.36756981422159
3.7800000000000002,18.1040086781382,-7.224875925433723,-8.46268040480652,-4.080576113472963
3.79,18.030900940343752,-7.310773779444915,-8.344988606166943,-8.589785401119194
3.8000000000000003,17.957472249507934,-7.342869083581897,-7.348978113044968,-3.2095304136982694
3.81,17.88269657780327,-7.477567170466363,-8.227644473822405,-13.469808688446593
3.8200000000000003,17.807193189460943,-7.550338834232553,-7.9264383161129786,-7.277166376618959
3.83,17.730537980788593,-7.665520867235062,-8.380875859317229,-11.51820330025091
3.84,17.652984794941613,-7.755318584698082,-8.335112700879126,-8.979771746301923
3.85,17.57534176792885,-7.764302701276205,-6.948925233226898,-0.8984116578122974
3.86,17.49658141587743,-7.87603520514206,-7.504991299762278,-11.173250386585474
3.87,17.416651558251147,-7.992985762628186,-8.054004914727177,-11.695055748612699
3.88,17.33574293560488,-8.090862264626676,-8.19224996074384,-9.78765019984893
3.89,17.25442234094225,-8.132059466263309,-7.361572231021608,-4.119720163663237
3.9,17.1727097270136,-8.171261392864942,-6.63498037560716,-3.9201926601633206
3.91,17.08993320233835,-8.27765246752487,-7.148114944575944,-10.63910746599284
3.92,17.006321880854255,-8.361132148409403,-7.192671743836048,-8.347968088453376
3.93,16.92199493337289,-8.43269474813651,-7.030012721808724,-7.156259972710726
3.94,16.83766070495564,-8.433422841725053,-5.712936278430115,-0.07280935885412188
3.95,16.751715216666557,-8.594548828907948,-7.287456226149498,-16.11259871828961
3.96,16.66539278531156,-8.632243135499671,-6.541271294180397,-3.769430659172275
3.97,16.57840381948118,-8.6988965830378,-6.401036027308365,-6.6653447538128905
3.98,16.490760952901397,-8.764286657978587,-6.262073416056619,-6.539007494078637
3.99,16.402406096282867,-8.835485661852976,-6.242046381176674,-7.1199003874388715
4.0,16.31372340543321,-8.868269084965716,-5.58416681161396,-3.2783423112739225
4.01,16.223615994785696,-9.010741064751056,-6.862932626084017,-14.247197978533926
4.0200000000000005,16.132336341712293,-9.127965307340364,-7.506524097525652,-11.722424258930971
4.03,16.041479303665284,-9.085703804701044,-5.383857260373109,4.22615026393209
4.04,15.95015651970639,-9.132278395889404,-5.094720673095148,-4.657459118835959
4.05,15.857249096643743,-9.290742306264624,-6.717475924157171,-15.846391037522054
4.0600000000000005,15.764482086711196,-9.276700993254694,-5.1938192737440545,1.4041313009930114
4.07,15.671300443563055,-9.318164314814075,-4.848374578791825,-4.1463321559379835
4.08,15.576671909545166,-9.462853401788896,-6.279886775459747,-14.468908697482128
4.09,15.481558345763286,-9.511356378187955,-5.868733640813515,-4.850297639905932
4.1,15.385912567530944,-9.564577823234245,-5.603813203861526,-5.322144504629021
4.11,15.290440475911902,-9.547209161904227,-4.205843426225369,1.7368661330017447
4.12,15.194021775085734,-9.641870082616798,-4.907210443831056,-9.46609207125699
4.13,15.097109260339893,-9.691251474584021,-4.736234773617749,-4.938139196722328
4.14,14.999694378174347,-9.741488216554597,-4.607243007994521,-5.023674197057491
4.15,14.901365638855776,-9.83287393185705,-5.184701975177264,-9.138571530245265
4.16,14.802615818600238,-9.874982025553772,-4.8438167849365446,-4.210809369672172
4.17,14.70343260101244,-9.91832175877985,-4.579509866914085,-4.3339733226079264
4.18,14.60373363244865,-9.969896856378892,-4.495760881297844,-5.157509759904075
4.19,14.50354945674458,-10.018417570407015,-4.374334611333799,-4.852071402812342
4.2,14.402766775206459,-10.078268153812008,-4.461233670366536,-5.985058340499355
4.21,14.301767288866753,-10.09994863397056,-3.896831693504227,-2.168048015855325
4.22,14.199687203616634,-10.208008525011966,-4.865342670388115,-10.805989104140583
4.23,14.097532507269186,-10.21546963474476,-3.9951229421574634,-0.7461109732793929
4.24,13.994901729164882,-10.263077810430422,-3.9384012009795573,-4.760817568566192
4.25,13.891945869666843,-10.295585949803787,-3.638859334903863,-3.250813937336461
4.26,13.788521729324396,-10.342414034244749,-3.6273023139151075,-4.682808444096315
4.2700000000000005,13.684713413944472,-10.380831537992325,-3.476915632262651,-3.8417503747576163
4.28,13.580954284292185,-10.375912965228672,-2.6288873078138177,0.491857276365288
4.29,13.476222850468552,-10.473143382363162,-3.6240761897105696,-9.7230417134491
4.3,13.370838080708216,-10.538476976033712,-3.9211330113902676,-6.53335936705492
4.3100000000000005,13.265020629318803,-10.581745138941356,-3.8002898017746407,-4.326816290764443
4.32,13.159158150701227,-10.586247861757547,-3.0529876276327865,-0.4502722816190854
4.33,13.052908438506753,-10.624971219447335,-3.000079717121679,-3.8723357689788314
4.34,12.946451558305315,-10.645688020143863,-2.655437935485505,-2.071680069652813
4.3500000000000005,12.84009326674396,-10.635829156135486,-1.8583323169874362,0.9858864008377441
4.36,12.73335854039282,-10.673472635114104,-1.9854524426152107,-3.764347897861863
4.37,12.62635336238289,-10.700517800992891,-1.9144282575982459,-2.7045165878787993
4.38,12.517930367569193,-10.84229948136964,-3.7668888635728504,-14.178168037674823
4.39,12.409765401466828,-10.81649661023639,-2.5171106582753477,2.5802871133249394
4.4,12.300841927201219,-10.892347426560892,-3.1693287233693894,-7.585081632450193
4.41,12.191990890845315,-10.885103635590456,-2.3275457317434984,0.7243790970436175
4.42,12.082941923082384,-10.904896776293057,-2.076329378376162,-1.9793140702601937
4.43,11.973627090425493,-10.9314832656891,-1.9798749163079847,-2.658648939604122
4.44,11.864360591037622,-10.926649938787172,-1.37560332573074,0.4833326901927295
4.45,11.754014528140047,-11.034606289757557,-2.7514130626111317,-10.795635097038454
4.46,11.644072124096713,-10.994240404333345,-1.425646295718888,4.036588542421247
4.47,11.53341664204604,-11.065548205067222,-2.1817051417532216,-7.130780073387727
4.48,11.422251801085608,-11.116484096043187,-2.4718103824195783,-5.0935890975966185
4.49,11.311318129422212,-11.093367166339561,-1.4791045542226424,2.311692970362558
4.5,11.200309380973476,-11.100874844873609,-1.1620661569935624,-0.7507678534046347
4.51,11.088952178305265,-11.135720266821146,-1.3532710043601082,-3.4845421947536694
4.5200000000000005,10.97738945075166,-11.156272755360463,-1.2741804569524202,-2.0552488539317655
4.53,10.865381266637378,-11.200818411428175,-1.6078898112840179,-4.454565606771075
4.54,10.753249615132857,-11.213165150452115,-1.349107471252287,-1.2346739023939541
4.55,10.640841327556759,-11.240828757609751,-1.3885052392476016,-2.766360715763743
4.5600000000000005,10.529024912326477,-11.181641523028102,0.02617295425204169,5.9187234581649415
4.57,10.416413434138972,-11.261147818750533,-1.1063030057319931,-7.950629572243216
4.58,10.303259754325333,-11.315367981363847,-1.6283260328945701,-5.4220162613313985
4.59,10.189942559511115,-11.331719481421848,-1.431962185910514,-1.6351500058000878
4.6000000000000005,10.07738416126396,-11.255839824715377,0.2688154967345966,7.587965670647031
4.61,9.964558018626995,-11.282614263696505,-0.024767234648692238,-2.6774438981129043
4.62,9.851536466051177,-11.30215525758183,-0.14883728632365845,-1.9540993885325812
4.63,9.739159578838894,-11.237688721228306,1.147705223724076,6.446653635352381
4.64,9.626261743583719,-11.289783525517498,0.2854207345961619,-5.209480428919179
4.65,9.513258740387295,-11.300300319642341,0.25977386741745967,-1.0516794124844056
4.66,9.400622242777336,-11.263649760995962,1.024353298739138,3.6650558646379148
4.67,9.287623287508184,-11.299895526915252,0.44648966713486793,-3.624576591928962
4.68,9.17506231898148,-11.256096852670435,1.2987941778367933,4.379867424481777
4.69,9.062237367977586,-11.282495100389445,0.8389594107894673,-2.639824771901016
4.7,8.94936965772343,-11.286771025415618,0.8243317611704626,-0.42759250261724424
4.71,8.836867743311421,-11.250191441200872,1.4928184041025805,3.6579584214745893
4.72,8.724258517956505,-11.260922535491522,1.2611691032722057,-1.0731094290649767
4.73,8.611662928384979,-11.259558957152631,1.2694943140202248,0.13635783388903255
4.74,8.499133614659911,-11.252931372506689,1.3639381050769348,0.6627584645942735
4.75,8.386545200673893,-11.258841398601678,1.2334755060243108,-0.5910026094989964
4.76,8.27401871545628,-11.252648521761225,1.326250680624394,0.6192876840452481
4.7700000000000005,8.161154744067696,-11.286397138858415,0.7377488023633543,-3.374861709719044
4.78,8.049072146815302,-11.208259725239456,2.111745791449753,7.813741361895997
4.79,7.936963795515028,-11.210835130027387,1.911211107055733,-0.2575404787930602
4.8,7.824745839718468,-11.221795579655904,1.6040807759216253,-1.0960449628516846
4.8100000000000005,7.713043554693415,-11.170228502505369,2.389865968632633,5.156707715053533
4.82,7.601911121686145,-11.113243300726992,3.134466628584401,5.698520177837686
4.83,7.490729045582486,-11.11820761036585,2.7220216513150683,-0.49643096388583596
4.84,7.379269699917197,-11.145934566528943,1.9986069603599752,-2.7726956163093703
4.8500000000000005,7.268335733125267,-11.093396679193015,2.7330532673365315,5.25378873359277
4.86,7.157438251259836,-11.089748186543082,2.5298469705553215,0.3648492649932831
4.87,7.047021082876663,-11.041716838317328,3.0997060318293563,4.803134822575371
4.88,6.936712599937047,-11.030848293961625,2.9547160657125833,1.0868544355702718
4.89,6.826511611476134,-11.02009884609133,2.831434246817369,1.0749447870296687
4.9,6.716201709137163,-11.030990233897072,2.3676241991041787,-1.0891387805742976
4.91,6.606531028545184,-10.967068059197889,3.227470622654857,6.3922174699183785
4.92,6.4967366615118864,-10.979436703329766,2.6720503200427466,-1.2368644131876319
4.93,6.388148573884185,-10.858808762770167,4.4250723006737855,12.062794055959827
4.94,6.279192912156748,-10.89556617274369,3.2622910604708704,-3.675740997352388
4.95,6.171100026014672,-10.809288614207576,4.343165641188876,8.627755853611411
4.96,6.063451985529133,-10.764804048553932,4.5465868126106,4.448456565364334
4.97,5.956116513397074,-10.733547213205865,4.494893134846623,3.1256835348067034
4.98,5.849118467053996,-10.699804634307771,4.492495379980416,3.3742578898093245
4.99,5.742450959424909,-10.666750762908663,4.478272413873184,3.3053871399108425
5.0,5.6355336833121905,-10.6917276112719,3.49865816971643,-2.497684836323807
5.01,5.528765639295418,-10.676804401677254,3.3467561395273053,1.4923209594647426
5.0200000000000005,5.423150904324737,-10.561473497068194,4.8928172284051605,11.533090460905903
5.03,5.317161302423655,-10.598960190108228,3.6336359023347695,-3.7486693040033847
5.04,5.212321029461543,-10.484027296211202,5.12379061445803,11.493289389702591
5.05,5.107759185208728,-10.456184425281505,4.913266947280738,2.784287092969821
5.0600000000000005,5.003901008071276,-10.385817713745217,5.445653625805192,7.036671153628803
5.07,4.900077777799093,-10.382323027218263,4.773979777790367,0.3494686526953785
5.08,4.796355864644179,-10.37219131549147,4.324147966447582,1.0131711726792423
5.09,4.693790145723952,-10.256571892022672,5.706465575099502,11.561942346879782
5.1000000000000005,4.591123295662746,-10.266685006120543,4.762060946040597,-1.0113114097872051
5.11,4.489020645797261,-10.210264986548506,5.083095467078833,5.642001957203814
5.12,4.387245463622269,-10.17751821749927,4.955244185199786,3.2746769049235525
5.13,4.2861552915951036,-10.109017202716538,5.443698262815021,6.850101478273013
5.14,4.185823303851536,-10.033198774356718,5.971704936289853,7.581842835982118
5.15,4.0855926940873175,-10.02306097642189,5.316147299219126,1.0137797934828177
5.16,3.9862817667051096,-9.931092738220807,6.1326678281264115,9.196823820108293
5.17,3.8873760203215917,-9.890574638351799,5.954606862204196,4.051809986900775
5.18,3.789007821619574,-9.836819870201778,6.025829557026414,5.375476815002187
5.19,3.691204650148917,-9.780317147065686,6.129959392580649,5.650272313609087
5.2,3.594360359213288,-9.684429093562871,6.872011093139045,9.588805350281422
5.21,3.4975510040326463,-9.680935518064173,5.949487962208727,0.34935754986975276
5.22,3.401607259703007,-9.594374432963939,6.564083165931417,8.656108510023408
5.23,3.306602937850652,-9.500432185235496,7.198065535247911,9.394224772844169
5.24,3.21203614172713,-9.456679612352223,6.888741472013496,4.375257288327229
5.25,3.118244861276629,-9.379128045050084,7.193089144775133,7.755156730213895
5.26,3.024725813136158,-9.351904814047085,6.6068054661798055,2.7223231002999277
5.2700000000000005,2.9319299692929266,-9.279584384323135,6.868710927544958,7.232042972395027
5.28,2.8397516391704967,-9.217833012242988,6.90966290746797,6.175137208014801
5.29,2.7486485023775855,-9.110313679291128,7.705304687817699,10.751933295185932
5.3,2.6578991660114597,-9.074933636612572,7.164823862910256,3.538004267855544
5.3100000000000005,2.5681797988871664,-8.971936712429336,7.840064523144863,10.299692418323543
5.32,2.4789044942976233,-8.927530458954319,7.425016392138035,4.440625347501677
5.33,2.3898833263886594,-8.902116790896375,6.761472947189924,2.5413668057943415
5.34,2.301725187062325,-8.815813932633434,7.222136223779175,8.630285826294179
5.3500000000000005,2.2148312719001457,-8.689391516217926,8.273302706361932,12.642241641550832
5.36,2.1283641537017868,-8.646711819835907,7.75227072950115,4.267969638201858
5.37,2.0431511370692412,-8.521301663254555,8.695469173910423,12.541015658135311
5.38,1.958402241870158,-8.474889519908324,8.163473744708666,4.641214334623115
5.39,1.8738617693600004,-8.454047251015766,7.292764185448419,2.084226889255868
5.4,1.7905717262356025,-8.329004312439796,8.302466969626781,12.504293857596902
5.41,1.7081964560361562,-8.237527019944617,8.583028017092737,9.147729249517916
5.42,1.6263836964744787,-8.181275956167758,8.228353685728063,5.625106377685825
5.43,1.5452829245147666,-8.110077195971211,8.180556590487226,7.119876019654661
5.44,1.4654222390774863,-7.986068543728024,9.019387314011533,12.400865224318697
5.45,1.3857532262835146,-7.966901279397174,7.969728163715558,1.9167264330850289
5.46,1.3072333104349667,-7.851991584854785,8.689271163467307,11.490969454238861
5.47,1.2290456722645104,-7.8187638170456255,7.926203850398213,3.322776780915955
5.48,1.152474242106069,-7.657143015844138,9.428626874900278,16.162080120148712
5.49,1.0758636507280868,-7.6610591377982304,7.920377279845704,-0.3916121954092082
5.5,1.0005314124319302,-7.533223829615645,8.857883472332794,12.783530818258535
5.51,0.9261512139695344,-7.438019846239582,9.093767591364765,9.520398337606272
5.5200000000000005,0.8530283659621999,-7.312284800733453,9.797555800092503,12.573504550612942
5.53,0.7807866796833818,-7.224168627881812,9.755438856648029,8.81161728516405
5.54,0.7085940057123321,-7.2192673971049635,8.332037029692815,0.4901230776848333
5.55,0.6375643223273866,-7.10296833849455,9.000999137933235,11.629905861041355
5.5600000000000005,0.5675168488960707,-7.004747343131588,9.25562390335884,9.822099536296246
5.57,0.49890743262586806,-6.860941627020262,10.225852244978741,14.380571611132604
5.58,0.43078372503228485,-6.8123707593583225,9.445554129817241,4.857086766193916
5.59,0.3638783295768376,-6.690539545544726,10.01464236264983,12.183121381359603
5.6000000000000005,0.2976784897187938,-6.619983985804378,9.632682874977021,7.055555974034778
5.61,0.2325490162308173,-6.51294734879765,9.920747798389622,10.703663700672813
5.62,0.1683588813519104,-6.419013487890691,9.940765505319755,9.393386090695932
5.63,0.1049559336419193,-6.340294770999111,9.702244153479638,7.871871689158047
5.64,0.04221162124455449,-6.27443123973648,9.287675320576948,6.586353126263067
5.65,-0.019021821572117424,-6.123344281667191,10.36086492911416,15.108695806928896
5.66,-0.07957133382927106,-6.054951225715364,9.875312015601544,6.839305595182752
5.67,-0.13901336304429546,-5.9442029215024395,10.17490957376369,11.074830421292468
5.68,-0.19824108345166125,-5.922772040736578,8.934461404547,2.143088076586139
5.69,-0.25595005812925925,-5.770897467759798,10.073137277502154,15.187457297678023
5.7,-0.31276026317223476,-5.681020504297553,9.987075833750223,8.98769634622442
5.71,-0.3682981227104857,-5.55378595382509,10.536228376064587,12.723455047246317
5.72,-0.4228854991912911,-5.458737648080543,10.45567546994963,9.50483057445471
5.73,-0.47641852990210093,-5.353303071080986,10.55989258700617,10.54345769995573
5.74,-0.529203678171929,-5.278514826982815,10.134278923043006,7.478824409817097
5.75,-0.5808526658017377,-5.164898762980858,10.42499370251972,11.361606400195718
5.76,-0.6313659511097229,-5.051328530798521,10.664714702639536,11.357023218233687
5.7700000000000005,-0.6809708625394697,-4.960491142974673,10.483854154405497,9.08373878238478
5.78,-0.7291809000797086,-4.821003754023891,11.142113364098696,13.948738895078264
5.79,-0.7761030829814586,-4.6922182901749965,11.510378890663107,12.878546384889399
5.8,-0.8226542845340519,-4.655120155259328,10.287430108894867,3.7098134915667984
5.8100000000000005,-0.8682577040790831,-4.560341954503124,10.227935898780476,9.477820075620436
5.82,-0.9122559828057663,-4.399827872668318,11.272076728873696,16.05140818348058
5.83,-0.9552156355553656,-4.295965274959939,11.19613666240053,10.386259770837887
5.84,-0.9972485545857034,-4.203291903033784,10.944542086954673,9.267337192615528
5.8500000000000005,-1.038230265356612,-4.098171077090872,10.940514088680949,10.51208259429115
5.86,-1.0781996774164317,-3.9969412059819756,10.870496426814793,10.122987110889646
5.87,-1.1170474012845932,-3.8847723868161492,10.992632070863351,11.216881916582643
5.88,-1.154731283765983,-3.768388248138985,11.16280663165417,11.638413867716421
5.89,-1.1914810085640206,-3.6749724798037615,10.919992594515088,9.341576833522348
5.9,-1.2270057673263326,-3.5524758762312083,11.200461407286804,12.249660357255339
5.91,-1.2613729306045947,-3.4367163278262125,11.320014496054599,11.575954840499582
5.92,-1.2945842126387348,-3.3211282034140055,11.414882523060774,11.55881244122072
5.93,-1.3265294351080965,-3.19452224693618,11.675623809358001,12.660595647782566
5.94,-1.3576586443192715,-3.112920921117491,11.140974207918758,8.16013258186889
5.95,-1.3879329274342527,-3.0274283114981233,10.758494520977209,8.549260961936788
5.96,-1.4168284501517994,-2.889552271754679,11.31093346168358,13.78760397434445
5.97,-1.4446575735455047,-2.7829123393705397,11.248822652508384,10.663993238413918
5.98,-1.4717193149332697,-2.7061741387764884,10.69691862858949,7.673820059405127
5.99,-1.49786998479302,-2.615066985975024,10.474735356221263,9.110715280146456
6.0,-1.5224796617996312,-2.460967700661131,11.337561910803082,15.409928531389307
6.01,-1.5461196308912626,-2.3639969091631263,11.102592044015791,9.697079149800487
6.0200000000000005,-1.5680922771522408,-2.19726462609781,12.067464103797608,16.673228306531634
6.03,-1.589603803929554,-2.1511526777313055,10.859375346077917,4.611194836650482
6.04,-1.6097135068628179,-2.0109702933264035,11.418572219914804,14.018238440490178
6.05,-1.6284746706754638,-1.876116381264585,11.793796109709206,13.48539120618186
6.0600000000000005,-1.6460448533433847,-1.7570182667920764,11.84191240598171,11.909811447250856
6.07,-1.6626461361532252,-1.660128280984046,11.509955515881511,9.688998580803032
6.08,-1.6781497192336485,-1.5503583080423238,11.446083545768584,10.976997294172225
6.09,-1.692474095729987,-1.4324376496338465,11.526780531698446,11.792065840847732
6.1000000000000005,-1.7053339960642335,-1.2859900334246497,12.067466072306603,14.644761620919672
6.11,-1.717232482498702,-1.1898486434468458,11.677653976627415,9.614138997780385
6.12,-1.7281943763406467,-1.0961893841944752,11.309556792005536,9.365925925237056
6.13,-1.7375130729121049,-0.9318696571458129,12.178453859115645,16.431972704866226
6.140000000000001,-1.7456322742176762,-0.8119201305571238,12.161004573278973,11.994952658868922
6.15,-1.7527688195704638,-0.71365453527877,11.783100796443414,9.826559527835371
6.16,-1.7588430235220984,-0.6074203951634546,11.599056886881995,10.623414011531535
6.17,-1.7633937365303947,-0.455071300829614,12.2122341601962,15.23490943338406
6.18,-1.7671714820568052,-0.37777455264104215,11.470431047029054,7.729674818857186
6.19,-1.7696721051603492,-0.25006231035439896,11.69057159242555,12.771224228664321
6.2,-1.7706487304911427,-0.09766253307934611,12.283433724442052,15.239977727505286
6.21,-1.770860486762909,-0.021175627176617293,11.51035258615271,7.6486905902728815
6.22,-1.7700711154107787,0.07893713521302212,11.258006244652659,10.01127623896394
6.23,-1.7672397170804985,0.28313983302801604,12.780419813856216,20.420269781499393
6.24,-1.763716251852435,0.3523465228063636,11.797198121228202,6.920668977834751
6.25,-1.7586899072517455,0.5026344600689482,12.327146311056966,15.02879372625846
6.26,-1.7531378643826911,0.5552042869054289,11.138278249104353,5.256982683648069
6.2700000000000005,-1.7458823275291036,0.7255536853587494,12.108529636151815,17.034939845332055
6.28,-1.7378395874670203,0.8042740062083275,11.388023161435418,7.872032084957805
6.29,-1.7286252794702603,0.9214307996759993,11.42630459204131,11.715679346767178
6.3,-1.7180399469603975,1.0585332509862795,11.788668636816892,13.710245131028026
6.3100000000000005,-1.7058417060681241,1.219824089227336,12.491696506891664,16.129083824105642
6.32,-1.6926687670246927,1.317293904343134,12.011867368638226,9.746981511579794
6.33,-1.6783844260765515,1.4284340948141188,11.837876363286261,11.114019047098477
6.34,-1.6634163599059135,1.496806617063805,10.978259678524893,6.837252224968617
6.3500000000000005,-1.6468764466576842,1.653991324822945,11.740158839907997,15.71847077591399
6.36,-1.6291280592794948,1.7748387378189396,11.767491979678217,12.084741299599475
6.37,-1.609826289422442,1.9301769857052837,12.363056334936733,15.5338247886344
6.38,-1.5906671187940433,1.9159170628398778,10.031051943132475,-1.425992286540593
6.390000000000001,-1.5700541126237066,2.0613006170336776,10.746648459539099,14.538355419379979
6.4,-1.5476282395206242,2.2425873103082443,11.939374645449826,18.128669327456674
6.41,-1.5245185517727942,2.310968774783003,11.049717700761835,6.8381464474758555
6.42,-1.500230146581513,2.4288405191281073,11.13131969141237,11.787174434510431
6.43,-1.4746843692564195,2.554577732509366,11.328524413488145,12.57372133812589
6.44,-1.4478583495054635,2.682601975095596,11.529057325746514,12.802424258622981
6.45,-1.420714203809187,2.714414569627676,10.09095879192734,3.1812594532080176
6.46,-1.391863090194893,2.8851113614294004,11.205412399505516,17.069679180172447
6.47,-1.3616307733074104,3.0232316887482478,11.589251122585612,13.812032731884731
6.48,-1.3300678877009855,3.1562885606425053,11.822755342185497,13.305687189425745
6.49,-1.2973194904724323,3.2748397228553174,11.773618094145622,11.855116221281218
6.5,-1.2639241889056483,3.3395301566783986,10.833186049941883,6.469043382308101
6.51,-1.229063691883137,3.486049702251136,11.41140930738181,14.651954557273736
6.5200000000000005,-1.1930018827089233,3.606180917421385,11.451547923886295,12.013121517024903
6.53,-1.156361044195046,3.664083851387719,10.446117731286243,5.79029339663345
6.54,-1.1183504272331102,3.8010616961935892,10.924353692496377,13.697784480587005
6.55,-1.07937946458098,3.8970962652130154,10.638722609962432,9.603456901942634
6.5600000000000005,-1.0396416318828585,3.9737832698121562,10.07655787453363,7.668700459914081
6.57,-0.9984259274390462,4.1215704443812315,10.791291545917545,14.778717456907493
6.58,-0.9559346802088536,4.249124723019255,11.047846698770165,12.75542786380241
6.59,-0.9121010425400037,4.383363766884999,11.37116021990603,13.423904386574412
6.6000000000000005,-0.8673317477477123,4.476929479229146,10.960872483412064,9.356571234414696
6.61,-0.8216009420109243,4.573080573678806,10.66027902492148,9.615109444965938
6.62,-0.7745736012035589,4.702734080736539,10.966330297930899,12.965350705773313
6.63,-0.726185232866229,4.838836833732988,11.326972628979194,13.610275299644965
6.640000000000001,-0.6763901430544008,4.979508981182828,11.70171419337706,14.06721474498406
6.65,-0.6257681411243229,5.062200193007788,11.045808935138082,8.269121182496004
6.66,-0.5741384595832258,5.1629681541096994,10.79870059112293,10.076796110191108
6.67,-0.5213984802075692,5.273997937565663,10.76201367473206,11.102978345596375
6.68,-0.46815205621991274,5.324642398765644,9.723398640366572,5.064446119998163
6.69,-0.4136679101989525,5.448414602096024,10.075002646794163,12.377220333037943
6.7,-0.3579351518980166,5.57327583009359,10.384425658993756,12.486122799756542
6.71,-0.300639073276253,5.729607862176362,11.164930748788732,15.633203208277225
6.72,-0.24302003741852565,5.7619035857727345,9.746455439604617,3.2295723596372516
6.73,-0.1842058546054265,5.881418281309918,10.016372818828222,11.951469553718288
6.74,-0.12428124635792859,5.992460824749791,10.098418363498814,11.104254343987314
6.75,-0.06308556020960787,6.119568614832072,10.432804960604336,12.710779008228094
6.76,-0.0012551036999736281,6.183045650963424,9.649339669065299,6.3477036131353195
6.7700000000000005,0.061540867600657134,6.279597130063076,9.54610162531685,9.655147909965129
6.78,0.12549298366814304,6.395211606748589,9.77615718909266,11.56144766855133
6.79,0.1906316019606869,6.513861829254385,10.016796456501128,11.865022250579592
6.8,0.2564622190076984,6.5830617047011515,9.391591463113853,6.919987544676713
6.8100000000000005,0.32348434562395134,6.702212661625296,9.701488411845439,11.915095692414448
6.82,0.3914869249497794,6.800257932582804,9.606373374115467,9.804527095750803
6.83,0.4602311510354603,6.87442260856809,9.12757966319293,7.416467598528637
6.84,0.5301359354154167,6.990478437995636,9.425199928140445,11.605582942754548
6.8500000000000005,0.6012087474774467,7.107281206202999,9.684051786629235,11.68027682073634
6.86,0.6731443294824919,7.193558200504521,9.389433864628423,8.627699430152148
6.87,0.7459107956474423,7.276646616495046,9.08926108093098,8.308841599052483
6.88,0.8192657603241016,7.3354964676659264,8.433735391623767,5.884985117088043
6.890000000000001,0.8942893180561475,7.5023557732046,9.68600722212728,16.685930553867315
6.9,0.9698918725763547,7.560255452020711,8.912087954178492,5.789967881611201
6.91,1.0464139628645546,7.652209028819988,8.83324798927571,9.195357679927723
6.92,1.1240144058869208,7.760044302236624,9.030737839172836,10.783527341663563
6.93,1.2026104399958528,7.859603410893208,9.055867323532336,9.955910865658463
6.94,1.282164237854937,7.955379785908422,9.012260956316354,9.577637501521385
6.95,1.3625005476589145,8.03363098039775,8.68238891005327,7.825119448932847
6.96,1.443485375648426,8.098482798951164,8.182808804434714,6.485181855341368
6.97,1.5257241643134372,8.223878866501115,8.774100516275515,12.53960675499523
6.98,1.6090688845172032,8.334472020376612,9.018625277355701,11.059315387549693
6.99,1.6935535852365808,8.448470071937761,9.277597940026729,11.399805156114956
7.0,1.7786477402921457,8.50941550555648,8.607763565951087,6.094543361871921
7.01,1.8641273273896282,8.547958709748245,7.6749186106703675,3.8543204191764815
7.0200000000000005,1.9507991262553308,8.667179886570262,8.240807223903293,11.922117682201533
7.03,2.0378432882936988,8.704416203836791,7.344742618569528,3.72363172665289
7.04,2.126161252018836,8.831796372513727,8.099069792666068,12.738016867693618
7.05,2.2150090833066303,8.884783128779418,7.486537807924454,5.298675626569158
7.0600000000000005,2.3048996641200254,8.98905808133953,7.829592826742337,10.42749525601127
7.07,2.3959593632951193,9.105969917509364,8.324699286038237,11.691183616983297
7.08,2.4877281060837446,9.176874278862538,7.969168560413756,7.090436135317319
7.09,2.5805780134042835,9.284990732053878,8.291712534273742,10.811645319133916
7.1000000000000005,2.67401100323184,9.343298982755638,7.729074291948742,5.830825070175934
7.11,2.768236022351102,9.422501911926219,7.6071858668471375,7.920292917058153
7.12,2.863335092110507,9.50990697594047,7.641040919836997,8.740506401425172
7.13,2.9591043354174573,9.576924330695036,7.328236936844304,6.701735475456558
7.140000000000001,3.0561345700047147,9.703023458725713,8.050921352060247,12.60991280306774
7.15,3.1534188956608435,9.728432565612884,6.973829040841602,2.5409106887170037
7.16,3.2516230523953706,9.820415673452706,7.18462136047684,9.19831078398213
7.17,3.3502686231055887,9.864557071021792,6.56182615130209,4.414139756908739
7.18,3.4497365787870256,9.946795568143665,6.676669024698775,8.2238497121873
7.19,3.549779663527821,10.00430847407957,6.359218363036044,5.751290593590526
7.2,3.650497783410601,10.071811988277997,6.260142925538187,6.750351419842573
7.21,3.7521245501909153,10.162676678031415,6.5658386804264435,9.086468975341829
7.22,3.8546229649593844,10.24984147684691,6.757793994868788,8.716479881549478
7.23,3.9582593573338762,10.363639237449185,7.3604127178974155,11.379776060227421
7.24,4.062536842731614,10.427748539773768,7.0332818021594115,6.410930232458418
7.25,4.167010121662285,10.447327893067131,6.017503971195517,1.9579353293362685
7.26,4.271612096628483,10.46019749661984,5.058350224677256,1.2869603552708497
7.2700000000000005,4.37689853157454,10.52864349460569,5.184464599031247,6.844599798585131
7.28,4.483390001432061,10.649146985752076,6.156158770540038,12.050349114638461
7.29,4.590135796543738,10.674579511167666,5.380491069439221,2.5432525415590463
7.3,4.69713186540733,10.699606886359225,4.726561054612252,2.5027375191559296
7.3100000000000005,4.8051427217653595,10.801085635802883,5.454899796492013,10.147874944365832
7.32,4.913788636261342,10.864591449598187,5.428061810284212,6.350581379530504
7.33,5.022717592548227,10.892895628688494,4.818199876714952,2.8304179090306674
7.34,5.131525951009885,10.880835846165853,3.6366427980584293,-1.2059782522641136
7.3500000000000005,5.241386856173335,10.98609051634504,4.606485030036793,10.525467017918718
7.36,5.351462332071015,11.007547589767976,4.017390712295853,2.1457073422935595
7.37,5.462390542541475,11.092821047046002,4.589320291714634,8.527345727802654
7.38,5.574278805321673,11.18882627801984,5.243917183296609,9.600523097383899
7.390000000000001,5.686057799743535,11.17789944218623,4.006545721870472,-1.0926835833609267
7.4,5.798650736477873,11.259293673433739,4.513335066189624,8.139423124750861
7.41,5.911773861533644,11.312312505577104,4.461992535963887,5.301883214336641
7.42,6.025106710197938,11.333284866429384,3.8844518306192315,2.0972360852280127
7.43,6.139042091363887,11.393538116594902,4.057173202518903,6.025325016551836
7.44,6.253346555989554,11.430446462566678,3.8113907107544724,3.6908345971776537
7.45,6.36821548281323,11.486892682367563,3.9315479401125657,5.644621980088476
7.46,6.48376110799603,11.554562518280076,4.218036227066936,6.766983591251297
7.47,6.599675331075149,11.591422307911921,3.9426185917524865,3.685978963184505
7.48,6.715304434960845,11.562910388569557,2.623138223049793,-2.851191934236362
7.49,6.831697074096751,11.639263913590582,3.2707835245999215,7.635352502102479
7.5,6.948377713476955,11.668063938020392,3.0174266949222988,2.880002442981021
7.51,7.065120168567305,11.674245509035092,2.428916960445699,0.6181571014699818
7.5200000000000005,7.182102576987265,11.698240841995919,2.235015711532051,2.3995332960826232
7.53,7.299642472171591,11.753989518432656,2.6022200253649643,5.57486764367371
7.54,7.417607850986261,11.796537881467053,2.6877704351141976,4.254836303439657
7.55,7.536015570615924,11.840771962966281,2.7866933021020532,4.423408149922726
7.5600000000000005,7.654587141363471,11.85715707475471,2.404578766284258,1.6385111788429616
7.57,7.773094251867636,11.850711050416402,1.7053468265193743,-0.6446024338308467
7.58,7.892109139761794,11.901488789415785,2.0760369261891327,5.077773899938312
7.59,8.011549761000186,11.944062123839313,2.24783062787837,4.257333442352824
7.6000000000000005,8.131261321705523,11.9711560705337,2.1326468093321562,2.7093946694386846
7.61,8.250932378755564,11.967105705004203,1.517335534223193,-0.4050365529498028
7.62,8.371412748429035,12.04803696734707,2.420533180641687,8.093126234286622
7.63,8.491816411182043,12.04036627530075,1.6962159435134172,-0.7670692046319569
7.640000000000001,8.612685292789987,12.08688816079446,1.9954952890255147,4.652188549371004
7.65,8.733429959624306,12.074466683431877,1.2622949801840022,-1.2421477362583744
7.66,8.853905419418082,12.047545979377597,0.4095726825073882,-2.6920704054279887
7.67,8.974770032348061,12.086461292998004,0.7961050448475255,3.8915313620407526
7.68,9.096357933684551,12.15879013364895,1.6748283259189325,7.232884065094427
7.69,9.217622763111361,12.12648294268106,0.6630533576049231,-3.230719096789059
7.7,9.338911023688924,12.12882605775634,0.39734642699160894,0.23431150752809415
7.71,9.46049172763204,12.158070394311444,0.624173647203019,2.924433655510329
7.72,9.581969426447335,12.14776988152967,0.15408982679345584,-1.0300512781773075
7.73,9.703434564381622,12.14651379342862,-0.08689179690299653,-0.1256088101051085
7.74,9.824695626038443,12.12610616568211,-0.606801010572573,-2.0407627746508776
7.75,9.946753490277937,12.205786423949482,0.6279680835868593,7.968025826737184
7.76,10.068552817552732,12.179932727479466,-0.1019399269155894,-2.585369647001584
7.7700000000000005,10.190843246318742,12.229042876601119,0.5391109723647816,4.91101491216525
7.78,10.312786326849379,12.19430805306371,-0.32404214886113536,-3.473482353740968
7.79,10.434810895361242,12.202456851186238,-0.3285546297788091,0.8148798122527958
7.8,10.556516459624493,12.170556426325184,-0.9996354743574916,-3.1900424861052876
7.8100000000000005,10.67836530284311,12.184884321861642,-0.7882661271933635,1.4327895536456994
7.82,10.800642645538058,12.227734269494828,-0.13673468049768545,4.28499476331863
7.83,10.921966281924783,12.132363638672556,-1.8971519238549561,-9.53706308222724
7.84,11.043550095341459,12.158381341667543,-1.3408039290435312,2.60177029949862
7.8500000000000005,11.165132103311207,12.158200796974823,-1.313599128307727,-0.018054469271987728
7.86,11.286912086962568,12.177998365136052,-0.9578002800820702,1.979756816122851
7.87,11.408305048664387,12.139296170181899,-1.636024621046868,-3.8702194954152676
7.88,11.530107675044235,12.18026263798482,-0.8732549834024042,4.096646780292103
7.890000000000001,11.651825357637522,12.171768259328696,-1.061784095666825,-0.8494378656124084
7.9,11.773037454036137,12.121209639861474,-1.9196424290006409,-5.0558619467222
7.91,11.894083422101476,12.104596806533946,-2.0684165350280814,-1.6612833327527923
7.92,12.014950316485159,12.086689438368223,-2.2136016037535757,-1.7907368165723088
7.930000000000001,12.135965677741444,12.101536125628579,-1.7883901722281426,1.4846687260355336
7.94,12.256551162140624,12.058548439917997,-2.3975539364831473,-4.298768571058144
7.95,12.37626110263229,11.970994049166466,-3.647360930556392,-8.755439075153145
7.96,12.49623863060464,11.997752797235108,-2.783183914628756,2.6758748068642655
7.97,12.61601261555908,11.97739849544406,-2.8477792691390444,-2.0354301791047833
7.98,12.735934120736298,11.992150517721738,-2.3161173105337607,1.4752022277678272
7.99,12.855618538874074,11.968441813777547,-2.5136588389206995,-2.3708703944191454
8.0,12.974703748669537,11.908520979546262,-3.2812654064603013,-5.992083423128522
8.01,13.093534827704584,11.883107903504717,-3.345250701130775,-2.5413076041544853
8.02,13.2127891978433,11.925437013871635,-2.269157147023959,4.232911036691753
8.03,13.331805768574931,11.901657073163165,-2.473817733569149,-2.377994070847034
8.040000000000001,13.450423595137105,11.86178265621731,-2.912124138956729,-3.987441694585523
8.05,13.568633716009234,11.8210120872129,-3.2917667166361717,-4.077056900440914
8.06,13.687068912667936,11.843519665870236,-2.5530742246358393,2.2507578657336578
8.07,13.80468887832405,11.761996565611511,-3.6707300082352052,-8.152310025872435
8.08,13.922204211390191,11.751533306614165,-3.4172096052774936,-1.046325899734613
8.09,14.038890194587738,11.668598319754608,-4.413069222312531,-8.293498685955708
8.1,14.155341479833337,11.645128524559896,-4.25115718256388,-2.3469795194711756
8.11,14.27143288056148,11.609140072814387,-4.3241540662755735,-3.5988451745508723
8.120000000000001,14.38742973416799,11.59968536065088,-3.9420987932030958,-0.9454712163507395
8.13,14.503292960760513,11.586322659252321,-3.6882378465858103,-1.3362701398560013
8.14,14.618206403366147,11.491344260563437,-4.83614265546756,-9.497839868888395
8.15,14.733240987096275,11.503458373012862,-4.007186946072858,1.211411244942492
8.16,14.847566229667025,11.43252425707506,-4.699744370635942,-7.093411593780157
8.17,14.960841204371615,11.32749747045903,-5.844112716956188,-10.502678661603166
8.18,15.07438948521933,11.354828084771434,-4.5910311515572015,2.7330614312404213
8.19,15.187586100504143,11.319661528481403,-4.587651415196115,-3.5166556290031865
8.2,15.300034506906314,11.244840640217037,-5.2448663567413085,-7.482088826436522
8.21,15.412059065845462,11.202455893914726,-5.2510679306729475,-4.238474630231061
8.22,15.523175328554501,11.111626270904017,-6.062640080742501,-9.082962301070928
8.23,15.634443963073167,11.126863451866672,-4.970341749286156,1.5237180962656196
8.24,15.745070240887351,11.06262778141837,-5.383743372693049,-6.423567044830152
8.25,15.854883477512093,10.981323662474168,-6.011716914311421,-8.130411894420234
8.26,15.964343601200197,10.946012368810358,-5.767519857677245,-3.531129366380992
8.27,16.073354662362316,10.901106116211793,-5.722984461984343,-4.4906252598564445
8.28,16.18150568711144,10.815102474912461,-6.369766482839246,-8.600364129933215
8.290000000000001,16.28904760099967,10.754191388823012,-6.489460669941959,-6.091108608944918
8.3,16.395757649230557,10.671004823088765,-6.959303935951521,-8.318656573424676
8.31,16.502291464029927,10.653381479937064,-6.257076768455651,-1.7623343151701016
8.32,16.607732551950672,10.54410879207442,-7.198176844584044,-10.927268786264396
8.33,16.71271181444621,10.49792624955365,-6.929769524072448,-4.618254252076928
8.34,16.8172394599073,10.452764546109108,-6.687968111023814,-4.5161703444541255
8.35,16.921045327479565,10.380586757226663,-6.935579094265982,-7.217778888244573
8.36,17.02430531711102,10.325998963145432,-6.8476137313256515,-5.458779408123071
8.370000000000001,17.126917163183474,10.261184607245573,-6.943594693403629,-6.481435589985992
8.38,17.228959955692382,10.204279250890702,-6.890613733763171,-5.690535635487124
8.39,17.33016199832965,10.120204263726892,-7.298073768583659,-8.407498716380925
8.4,17.43029126995269,10.012927162303864,-8.022988537164853,-10.727710142302808
8.41,17.530678062932665,10.038679297997595,-6.408862082022861,2.575213569373089
8.42,17.62969833547982,9.902027254715373,-7.7691981526449645,-13.665204328222142
8.43,17.728146302658796,9.844796717897852,-7.577856794286003,-5.723053681752138
8.44,17.826000805135763,9.785450247696694,-7.452429147189601,-5.934647020115726
8.45,17.92252687144039,9.652606630462515,-8.571429986828491,-13.2843617234179
8.46,18.018902067808853,9.637519636846246,-7.540063615626458,-1.5086993616268813
8.47,18.113661045955148,9.475897814629459,-9.121318563206191,-16.162182221678652
8.48,18.20789586133184,9.423481537669224,-8.617502348188761,-5.241627696023593
8.49,18.301916421585528,9.40205602536901,-7.679862780877066,-2.142551230021449
8.5,18.394609279139413,9.26928575538842,-8.752783638850431,-13.277026998058966
8.51,18.487448964564273,9.28396854248585,-7.188135379964585,1.4682787097429717
8.52,18.578469489821696,9.102052525742433,-9.159381997907495,-18.191601674341626
8.53,18.669060583139338,9.059109331764308,-8.484459723484502,-4.294319397812602
8.540000000000001,18.75875316976469,8.969258662535418,-8.702365354752278,-8.985066922888976
8.55,18.847329568476834,8.857639871214076,-9.245214546591875,-11.16187913213427
8.56,18.935168376050548,8.783880757371252,-9.065083401249364,-7.375911384282471
8.57,19.022009707584218,8.68413315336688,-9.346557856513659,-9.974760400437306
8.58,19.1081469762224,8.613726863818357,-9.090582897820088,-7.040628954852227
8.59,19.193153820103046,8.500684388064439,-9.586275823028199,-11.304247575391775
8.6,19.277515783385148,8.436196328210121,-9.188581565447386,-6.44880598543179
8.61,19.36169575431148,8.41799709263318,-8.084341889192224,-1.819923557694076
8.620000000000001,19.444602024002613,8.290626969113118,-8.982159931376376,-12.737012352006175
8.63,19.525899766139432,8.129774213682019,-10.286671053204923,-16.0852755431099
8.64,19.606876497894966,8.097673175553352,-9.226363972359465,-3.2101038128667767
8.65,19.686415204021593,7.9538706126626115,-10.202766356630026,-14.38025628907406
8.66,19.76564403607264,7.922883205104573,-9.134659977980792,-3.0987407558038402
8.67,19.84332640893207,7.76823728594325,-10.303829217624916,-15.46459191613237
8.68,19.92016719960189,7.684079066982131,-10.101658304274235,-8.415821896111941
8.69,19.996917240591063,7.675004098917271,-8.680348303493755,-0.9074968064859625
8.700000000000001,20.07217679797492,7.5259557383853855,-9.82717531474134,-14.904836053188607
8.71,20.146403545457204,7.422674748228411,-10.018405250324083,-10.328099015697472
8.72,20.2194900297947,7.308648433749587,-10.35512641427147,-11.402631447882353
8.73,20.291562281535892,7.207225174119211,-10.423939146895691,-10.142325963037631
8.74,20.362083085588793,7.052080405290134,-11.374745786429813,-15.51447688290769
8.75,20.43162903902541,6.95459534366155,-11.204222162339633,-9.748506162858343
8.76,20.500413148620865,6.878410959545531,-10.705323629783454,-7.618438411601948
8.77,20.568372121058452,6.795897243758554,-10.393331491920613,-8.251371578697718
8.78,20.635375164146687,6.700304308823515,-10.34960009615325,-9.5592934935039
8.790000000000001,20.701188449194554,6.581328504786633,-10.701088236671723,-11.897580403688226
8.8,20.765788279875128,6.459983068057558,-11.031650290258614,-12.13454367290747
8.81,20.82944117349468,6.365289361955263,-10.861112972305985,-9.469370610229541
8.82,20.89177049670479,6.232932321011252,-11.344829983043542,-13.235704094401072
8.83,20.953214203446354,6.1443706741565265,-11.016168229131907,-8.856164685472605
8.84,21.014074804355573,6.086060090921758,-10.236392975043739,-5.831058323476817
8.85,21.07390974440306,5.983494004748797,-10.32245157034508,-10.256608617296056
8.86,21.13211624692777,5.820650252470867,-11.396895352286975,-16.284375227793003
8.870000000000001,21.189973809802602,5.785756287483179,-10.15807570311734,-3.489396498768837
8.88,21.24627819382557,5.630438402297046,-11.130936176087367,-15.531788518613258
8.89,21.30154081809748,5.526262427190808,-11.087440162203787,-10.41759751062385
8.9,21.355725830998193,5.418501290071544,-11.109094668406502,-10.776113711926445
8.91,21.408862453859157,5.313662286096648,-11.076591772540535,-10.483900397489608
8.92,21.46117487012089,5.2312416261731585,-10.67408794380481,-8.2420659923489
8.93,21.51188228698278,5.070741686188932,-11.638049745913001,-16.04999399842258
8.94,21.561381877768557,4.949959078577924,-11.777432802649091,-12.078260761100816
8.950000000000001,21.61000783203451,4.862595426595008,-11.33471363718811,-8.736365198291661
8.96,21.657054166976565,4.70463349420574,-12.140395606808685,-15.796193238926834
8.97,21.70335064044941,4.6296473472846165,-11.426962996523994,-7.498614692112334
8.98,21.74842353793762,4.5072897488207095,-11.620023343109295,-12.23575984639071
8.99,21.792297544644757,4.387400670713995,-11.737808657867522,-11.988907810671424
9.0,21.83472413354326,4.2426588898505715,-12.24813344387055,-14.474178086342336
9.01,21.876125325574087,4.140119203082555,-11.968041190417892,-10.253968676801664
9.02,21.915555970169716,3.943064459562897,-13.30766398107118,-19.705474351965748
9.03,21.954763467456537,3.920749728681932,-11.50976446855929,-2.231473088096532
9.040000000000001,21.99281367090343,3.80502034468945,-11.566498010322935,-11.572938399248175
9.05,22.02979929140443,3.6985620500999894,-11.45734824703445,-10.645829458946071
9.06,22.06576948798821,3.5970196583779033,-11.28257796684333,-10.154239172208628
9.07,22.10034729181207,3.457780382385989,-11.763256928359805,-13.92392759919143
9.08,22.13370718188128,3.335989006921182,-11.871045879858439,-12.17913754648072
9.09,22.165375887616527,3.1668705735244393,-12.747529716686778,-16.91184333967427
9.1,22.196594730221392,3.121884260486557,-11.407163047554796,-4.498631303788242
9.11,22.226272889028213,2.9678158806819077,-12.10620756812957,-15.406837980464918
9.120000000000001,22.25460298796428,2.83300989360674,-12.365643849142337,-13.4805987075168
9.13,22.28242481574736,2.7821827783078503,-11.180329498798535,-5.0827115298889485
9.14,22.30879794096158,2.6373125214222126,-11.757993567696555,-14.487025688563776
9.15,22.33381529942542,2.501735846384285,-12.082473515397169,-13.557667503792752
9.16,22.357209078209998,2.3393778784575896,-12.797095504043138,-16.235796792669547
9.17,22.379057948058186,2.1848869848188044,-13.25928604210926,-15.449089363878533
9.18,22.39989467265795,2.083672459976373,-12.754379613956132,-10.121452484243122
9.19,22.419996525283583,2.0101852625634073,-11.86952387935754,-7.348719741296565
9.200000000000001,22.438091098388846,1.809457310526411,-13.250614908441154,-20.072795203699645
9.21,22.45503189174172,1.694079335287334,-12.976861675766212,-11.537797523907694
9.22,22.47080853196447,1.5776640222749325,-12.763895628821032,-11.641531301240143
9.23,22.485553491257182,1.4744959292711495,-12.363576326835272,-10.316809300378315
9.24,22.499025114126148,1.3471622868965805,-12.43066428731235,-12.7333642374569
9.25,22.511393887166854,1.236877304070587,-12.200393196367596,-11.028498282599351
9.26,22.522295704806528,1.0901817639674007,-12.613241035027674,-14.669554010318615
9.27,22.532040420417704,0.9744715611176028,-12.438785482107583,-11.571020284979793
9.28,22.540507986416202,0.8467565998499121,-12.491403261095538,-12.771496126769069
9.290000000000001,22.547600473190364,0.7092486774163352,-12.69635137112175,-13.750792243357688
9.3,22.553424036364948,0.5823563174584576,-12.688100738092256,-12.689235995787756
9.31,22.55757620510686,0.41521687419107906,-13.349784968231322,-16.713944326737856
9.32,22.55990735539486,0.23311502880007318,-14.148203828102982,-18.210184539100588
9.33,22.562152765145736,0.22454097508775786,-11.919436443943866,-0.8574053712315326
9.34,22.563233998880328,0.10812337345929357,-11.857546497997419,-11.64176016284643
9.35,22.56280794219693,-0.04260566833989937,-12.375766251512271,-15.072904179919293
9.36,22.560691347693425,-0.2116594503504365,-13.110843242423314,-16.905378201053715
9.370000000000001,22.558077054327278,-0.2614293366146617,-11.733386907925997,-4.976988626422518
9.38,22.553969449898418,-0.410760442886022,-12.242819825992818,-14.933110627136024
9.39,22.548357429133365,-0.5612020765053151,-12.68374208983241,-15.044163361929305
9.4,22.541461703815337,-0.689572531802942,-12.681210802537212,-12.837045529762689
9.41,22.53393231199033,-0.752939182500532,-11.593772357730977,-6.336665069759002
9.42,22.524752847434613,-0.9179464555716181,-12.379520773155189,-16.500727307108605
9.43,22.51439236857565,-1.0360478858964917,-12.25050532268471,-11.810143032487353
9.44,22.502333637419117,-1.205873115653225,-13.002888623053131,-16.982522975673334
9.450000000000001,22.489222509631823,-1.3111127787292227,-12.551356702564128,-10.52396630759977
9.46,22.47538981307544,-1.3832696556382755,-11.62176337214552,-7.2156876909052805
9.47,22.460775098537745,-1.4614714537698132,-10.94602661273597,-7.820179813153764
9.48,22.44381484692396,-1.6960251613784822,-12.986613368952042,-23.455370760866895
9.49,22.425986185971237,-1.7828660952723154,-12.223185572956012,-8.68409338938331
9.5,22.40692093654363,-1.906524942760603,-12.198594537110711,-12.365884748828766
9.51,22.38603457321709,-2.088636332654145,-13.150119360767068,-18.211138989354176
9.52,22.363976999443977,-2.2057573773112793,-12.857741336317854,-11.71210446571343
9.53,22.340921506274135,-2.3055493169843486,-12.323220696093077,-9.97919396730693
9.540000000000001,22.31677613331671,-2.4145372957422966,-12.029049305769448,-10.898797875794806
9.55,22.291113639034702,-2.5662494282011106,-12.493893393281976,-15.171213245881406
9.56,22.264332664901467,-2.6780974133235844,-12.214825206402349,-11.184798512247404
9.57,22.236171245238587,-2.816141966287959,-12.416808379971009,-13.804455296437471
9.58,22.206954835001063,-2.921641023752475,-12.04069598361664,-10.549905746451573
9.59,22.176406230476147,-3.0548604524918304,-12.187243967240793,-13.321942873935576
9.6,22.144623851155014,-3.1782379321131957,-12.143310916474999,-12.337747962136522
9.61,22.111587077561683,-3.3036773593331143,-12.13904266036933,-12.543942721991854
9.620000000000001,22.07730186700549,-3.428521055619165,-12.123536341993148,-12.484369628605092
9.63,22.041452251701003,-3.5849615304488545,-12.635121532151608,-15.644047482968915
9.64,22.004414502433413,-3.7037749267588866,-12.432252506538283,-11.881339631003208
9.65,21.966378862957328,-3.8035639476085628,-11.944131372292528,-9.97890208496759
9.66,21.927110601312105,-3.9268261645223483,-11.926595928834757,-12.326221691378578
9.67,21.8861263258127,-4.098427549940444,-12.715516614922638,-17.160138541809637
9.68,21.844059925635154,-4.206640017754567,-12.314416157236764,-10.821246781412224
9.69,21.800822294138236,-4.323763149691932,-12.12665573526338,-11.712313193736561
9.700000000000001,21.756311857562746,-4.451043657548906,-12.137455406377967,-12.728050785697375
9.71,21.710726318755786,-4.558553880696149,-11.81498122360733,-10.751022314724224
9.72,21.663830743431042,-4.68955753247451,-11.935820578387375,-13.100365177836071
9.73,21.616020811246603,-4.7809932184438955,-11.375158084207133,-9.143568596938598
9.74,21.56685377748368,-4.9167033762925465,-11.643906552619242,-13.571015784865086
9.75,21.51676988438518,-5.008389309849825,-11.132271159579862,-9.168593355727834
9.76,21.465112932208097,-5.16569521770828,-11.797608302349605,-15.730590785845548
9.77,21.41291173590146,-5.220119630663778,-10.635591740984925,-5.442441295549733
9.78,21.35892784557089,-5.398389033057147,-11.729372868334178,-17.826940239336984
9.790000000000001,21.304581533492527,-5.434631207836076,-10.272024676771743,-3.624217477892884
9.8,21.248247547071053,-5.63339864214746,-11.764361449102456,-19.87674343113844
9.81,21.191126202590162,-5.712134448088971,-11.005614017543905,-7.873580594151116
9.82,21.132436634282772,-5.868956830738957,-11.67282196605867,-15.682238264998515
9.83,21.07321610406684,-5.92205302159331,-10.49830900839239,-5.309619085435401
9.84,21.012539207224137,-6.067689684270389,-11.060046066371509,-14.563666267707891
9.85,20.950975785589442,-6.156342163469404,-10.576661113200831,-8.86524791990143
9.86,20.887469262411617,-6.350652317782513,-11.932812768665404,-19.431015431310914
9.870000000000001,20.823204490678684,-6.426477173293314,-11.086336445439827,-7.582485551080033
9.88,20.75803556177089,-6.516892890779503,-10.622350150649872,-9.041571748618841
9.89,20.69236633153023,-6.566923024065999,-9.561008333607777,-5.003013328649651
9.9,20.62537174025396,-6.699459127627014,-10.049981327093484,-13.253610356101458
9.91,20.556917541005415,-6.845419924854689,-10.679423812140563,-14.596079722767541
9.92,20.487648983297813,-6.926855770760058,-10.126855551716059,-8.143584590536836
9.93,20.417360020069772,-7.028896322803942,-10.008125749379342,-10.204055204388439
9.94,20.3456785222844,-7.168149778537267,-10.52764470147251,-13.925345573332503
9.950000000000001,20.27318763376836,-7.249088851603952,-9.987006282725702,-8.093907306668532
9.96,20.199231952762258,-7.3955681006100855,-10.627039359534237,-14.647924900613324
9.97,20.124743333897513,-7.448861886474407,-9.60570825313562,-5.329378586432087
9.98,20.04908651333528,-7.5656820562234035,-9.811736773085862,-11.6820169748997
9.99,19.972061839184615,-7.702467415066464,-10.314461281065284,-13.678535884306095
10.0,19.893887808257446,-7.817403092716974,-10.367509099655685,-11.493567765051038
